animation_name,label
aimal_zorro_ataque,Unknown
aimal_zorro_ataque,Unknown
aimal_zorro_ataque,Unknown
aimal_zorro_ataque,Unknown
aimal_zorro_ataque,Unknown
aimal_zorro_ataque,Unknown
aimal_zorro_ataque,Unknown
aimal_zorro_ataque,Unknown
aimal_zorro_ataque,Unknown
aimal_zorro_ataque,Unknown
aimal_zorro_ataque,Unknown
aimal_zorro_ataque,Unknown
aimal_zorro_ataque,Unknown
aimal_zorro_ataque,Unknown
aimal_zorro_ataque,Unknown
aimal_zorro_ataque,Unknown
aimal_zorro_ataque,Unknown
aimal_zorro_ataque,Unknown
aimal_zorro_ataque,Unknown
aimal_zorro_ataque,Unknown
aimal_zorro_ataque,Unknown
aimal_zorro_ataque,Unknown
aimal_zorro_ataque,Unknown
aimal_zorro_ataque,Unknown
aimal_zorro_ataque,Unknown
aimal_zorro_ataque,Unknown
aimal_zorro_ataque,Unknown
aimal_zorro_ataque,Unknown
aimal_zorro_ataque,Unknown
aimal_zorro_ataque,Unknown
aimal_zorro_ataque,Unknown
aimal_zorro_ataque,Unknown
aimal_zorro_ataque,Unknown
aimal_zorro_ataque,Unknown
aimal_zorro_ataque,Unknown
aimal_zorro_ataque,Unknown
aimal_zorro_ataque,Unknown
aimal_zorro_ataque,Unknown
aimal_zorro_ataque,Unknown
aimal_zorro_ataque,Unknown
aimal_zorro_ataque,Unknown
aimal_zorro_ataque,Unknown
aimal_zorro_ataque,Unknown
aimal_zorro_ataque,Unknown
aimal_zorro_ataque,Unknown
aimal_zorro_ataque,Unknown
aimal_zorro_ataque,Unknown
aimal_zorro_ataque,Unknown
aimal_zorro_ataque,Unknown
aimal_zorro_ataque,Unknown
animal_panda_ataque,Unknown
animal_panda_ataque,Unknown
animal_panda_ataque,Unknown
animal_panda_ataque,Unknown
animal_panda_ataque,Unknown
animal_panda_ataque,Unknown
animal_panda_ataque,Unknown
animal_panda_ataque,Unknown
animal_panda_ataque,Unknown
animal_panda_ataque,Unknown
animal_panda_ataque,Unknown
animal_panda_ataque,Unknown
animal_panda_ataque,Unknown
animal_panda_ataque,Unknown
animal_panda_ataque,Unknown
animal_panda_ataque,Unknown
animal_panda_ataque,Unknown
animal_panda_ataque,Unknown
animal_panda_ataque,Unknown
animal_panda_ataque,Unknown
animal_panda_ataque,Unknown
animal_panda_ataque,Unknown
animal_panda_ataque,Unknown
animal_panda_ataque,Unknown
animal_panda_ataque,Unknown
animal_panda_ataque,Unknown
animal_panda_ataque,Unknown
animal_panda_ataque,Unknown
animal_panda_ataque,Unknown
animal_panda_ataque,Unknown
animal_panda_ataque,Unknown
animal_panda_ataque,Unknown
animal_panda_ataque,Unknown
animal_panda_ataque,Unknown
animal_panda_ataque,Unknown
animal_panda_ataque,Unknown
animal_panda_ataque,Unknown
animal_panda_ataque,Unknown
animal_panda_ataque,Unknown
animal_panda_ataque,Unknown
animal_panda_ataque,Unknown
animal_panda_ataque,Unknown
animal_panda_ataque,Unknown
animal_panda_ataque,Unknown
animal_panda_ataque,Unknown
animal_panda_ataque,Unknown
animal_panda_ataque,Unknown
animal_panda_ataque,Unknown
animal_panda_ataque,Unknown
animal_panda_ataque,Unknown
animal_panda_ataque,Unknown
animal_panda_ataque,Unknown
animal_panda_ataque,Unknown
animal_rata_ataque,Unknown
animal_rata_ataque,Unknown
animal_rata_ataque,Unknown
animal_rata_ataque,Unknown
animal_rata_ataque,Unknown
animal_rata_ataque,Unknown
animal_rata_ataque,Unknown
animal_rata_ataque,Unknown
animal_rata_ataque,Unknown
animal_rata_ataque,Unknown
animal_rata_ataque,Unknown
animal_rata_ataque,Unknown
animal_rata_ataque,Unknown
animal_rata_ataque,Unknown
animal_rata_ataque,Unknown
animal_rata_ataque,Unknown
animal_rata_ataque,Unknown
animal_rata_ataque,Unknown
animal_rata_ataque,Unknown
animal_rata_ataque,Unknown
animal_rata_ataque,Unknown
animal_rata_ataque,Unknown
animal_rata_ataque,Unknown
animal_rata_ataque,Unknown
animal_rata_ataque,Unknown
animal_rata_ataque,Unknown
animal_rata_ataque,Unknown
animal_rata_ataque,Unknown
animal_rata_ataque,Unknown
animal_rata_ataque,Unknown
animal_rata_ataque,Unknown
animal_rata_ataque,Unknown
animal_rata_ataque,Unknown
animal_rata_ataque,Unknown
animal_rata_ataque,Unknown
animal_rata_ataque,Unknown
animal_rata_ataque,Unknown
animal_rata_ataque,Unknown
animal_rata_ataque,Unknown
animal_rata_ataque,Unknown
animal_rata_ataque,Unknown
animal_rata_ataque,Unknown
animal_rata_ataque,Unknown
animal_rata_ataque,Unknown
arbol_ojas_caidas,Unknown
arbol_ojas_caidas,Unknown
arbol_ojas_caidas,Unknown
arbol_ojas_caidas,Unknown
arbol_ojas_caidas,Unknown
arbol_ojas_caidas,Unknown
arbol_ojas_caidas,Unknown
arbol_ojas_caidas,Unknown
arbol_ojas_caidas,Unknown
arbol_ojas_caidas,Unknown
arbol_ojas_caidas,Unknown
arbol_ojas_caidas,Unknown
arbol_ojas_caidas,Unknown
arbol_ojas_caidas,Unknown
arbol_ojas_caidas,Unknown
arbol_ojas_caidas,Unknown
arbol_ojas_caidas,Unknown
arbol_ojas_caidas,Unknown
arbol_ojas_caidas,Unknown
arbol_ojas_caidas,Unknown
arbol_ojas_caidas,Unknown
arbol_ojas_caidas,Unknown
arbol_ojas_caidas,Unknown
arbol_ojas_caidas,Unknown
arbol_ojas_caidas,Unknown
arbol_ojas_caidas,Unknown
arbol_ojas_caidas,Unknown
arbol_ojas_caidas,Unknown
arbol_ojas_caidas,Unknown
arbol_ojas_caidas,Unknown
arbol_ojas_caidas,Unknown
arbol_ojas_caidas,Unknown
arbol_ojas_caidas,Unknown
arbol_ojas_caidas,Unknown
arbol_ojas_caidas,Unknown
arbol_ojas_caidas,Unknown
ataque,Unknown
ataque,Unknown
ataque,Unknown
ataque,Unknown
ataque,Unknown
ataque,Unknown
ataque,Unknown
ataque,Unknown
ataque,Unknown
ataque,Unknown
ataque,Unknown
ataque,Unknown
ataque,Unknown
ataque,Unknown
ataque,Unknown
ataque,Unknown
ataque,Unknown
ataque,Unknown
ataque,Unknown
ataque,Unknown
ataque,Unknown
ataque,Unknown
ataque_espada_lazer,Unknown
ataque_espada_lazer,Unknown
ataque_espada_lazer,Unknown
ataque_espada_lazer,Unknown
ataque_espada_lazer,Unknown
ataque_espada_lazer,Unknown
ataque_espada_lazer,Unknown
ataque_espada_lazer,Unknown
ataque_espada_lazer,Unknown
ataque_espada_lazer,Unknown
ataque_espada_lazer,Unknown
ataque_espada_lazer,Unknown
ataque_espada_lazer,Unknown
ataque_espada_lazer,Unknown
ataque_espada_lazer,Unknown
ataque_espada_lazer,Unknown
ataque_espada_lazer,Unknown
ataque_espada_lazer,Unknown
ataque_golpes,Unknown
ataque_golpes,Unknown
ataque_golpes,Unknown
ataque_golpes,Unknown
ataque_golpes,Unknown
ataque_golpes,Unknown
ataque_golpes,Unknown
ataque_golpes,Unknown
ataque_golpes,Unknown
ataque_golpes,Unknown
ataque_golpes,Unknown
ataque_golpes,Unknown
ataque_golpes,Unknown
ataque_golpes,Unknown
ataque_golpes,Unknown
ataque_golpes,Unknown
ataque_golpes,Unknown
ataque_golpes,Unknown
ataque_golpes,Unknown
ataque_golpes,Unknown
ataque_golpes,Unknown
ataque_golpes,Unknown
ataque_golpes,Unknown
ataque_golpes,Unknown
ataque_golpes,Unknown
ataque_golpes,Unknown
ataque_golpes,Unknown
ataque_golpes,Unknown
ataque_golpes,Unknown
ataque_golpes,Unknown
ataque_golpes,Unknown
ataque_golpes,Unknown
ataque_golpes,Unknown
ataque_golpes,Unknown
ataque_golpes,Unknown
ataque_golpes,Unknown
ataque_golpes,Unknown
ataque_golpes,Unknown
ataque_golpes,Unknown
ataque_golpes,Unknown
ataque_golpes,Unknown
ataque_golpes,Unknown
ataque_golpes,Unknown
ataque_golpes,Unknown
ataque_golpes,Unknown
ataque_golpes,Unknown
ataque_golpes,Unknown
ataque_golpes,Unknown
ataque_golpes,Unknown
ataque_golpes,Unknown
ataque_golpes,Unknown
ataque_golpes,Unknown
ataque_golpes,Unknown
ataque_golpes,Unknown
ataque_golpes,Unknown
ataque_golpes,Unknown
ataque_golpes,Unknown
ataque_golpes,Unknown
ataque_golpes,Unknown
ataque_golpes,Unknown
ataque_golpes,Unknown
ataque_golpes,Unknown
ataque_golpes,Unknown
ataque_golpes,Unknown
ataque_golpes,Unknown
ataque_golpes,Unknown
ataque_golpes,Unknown
ataque_golpes,Unknown
ataque_golpes,Unknown
ataque_golpes,Unknown
ataque_golpes,Unknown
ataque_golpes,Unknown
ataque_golpes,Unknown
ataque_golpes,Unknown
ataque_golpes,Unknown
ataque_golpes,Unknown
ataque_guitarra,Unknown
ataque_guitarra,Unknown
ataque_guitarra,Unknown
ataque_guitarra,Unknown
ataque_guitarra,Unknown
ataque_guitarra,Unknown
ataque_guitarra,Unknown
ataque_guitarra,Unknown
ataque_guitarra,Unknown
ataque_guitarra,Unknown
ataque_guitarra,Unknown
ataque_guitarra,Unknown
ataque_guitarra,Unknown
ataque_guitarra,Unknown
ataque_guitarra,Unknown
ataque_guitarra,Unknown
ataque_guitarra,Unknown
ataque_guitarra,Unknown
ataque_guitarra,Unknown
ataque_guitarra,Unknown
ataque_guitarra,Unknown
ataque_guitarra,Unknown
ataque_guitarra,Unknown
ataque_guitarra,Unknown
ataque_guitarra,Unknown
ataque_guitarra,Unknown
ataque_guitarra,Unknown
ataque_guitarra,Unknown
ataque_guitarra,Unknown
ataque_guitarra,Unknown
ataque_guitarra,Unknown
ataque_guitarra,Unknown
ataque_guitarra,Unknown
ataque_guitarra,Unknown
ataque_guitarra,Unknown
ataque_guitarra,Unknown
ataque_guitarra,Unknown
ataque_guitarra,Unknown
ataque_guitarra,Unknown
ataque_guitarra,Unknown
ataque_guitarra,Unknown
ataque_guitarra,Unknown
ataque_guitarra,Unknown
ataque_guitarra,Unknown
ataque_guitarra,Unknown
ataque_guitarra,Unknown
ataque_guitarra,Unknown
ataque_guitarra,Unknown
ataque_guitarra,Unknown
ataque_guitarra,Unknown
ataque_guitarra,Unknown
ataque_guitarra,Unknown
ataque_guitarra,Unknown
ataque_guitarra,Unknown
ataque_guitarra,Unknown
ataque_guitarra,Unknown
ataque_guitarra,Unknown
ataque_guitarra,Unknown
ataque_guitarra,Unknown
ataque_guitarra,Unknown
ataque_guitarra,Unknown
ataque_guitarra,Unknown
ataque_guitarra,Unknown
ataque_guitarra,Unknown
ataque_guitarra,Unknown
ataque_guitarra,Unknown
ataque_guitarra,Unknown
ataque_guitarra,Unknown
ataque_guitarra,Unknown
ataque_guitarra,Unknown
ataque_guitarra,Unknown
ataque_guitarra,Unknown
ataque_guitarra,Unknown
ataque_guitarra,Unknown
ataque_guitarra,Unknown
ataque_guitarra,Unknown
ataque_guitarra,Unknown
ataque_guitarra,Unknown
ataque_guitarra,Unknown
ataque_guitarra,Unknown
ataque_guitarra,Unknown
ataque_guitarra,Unknown
ataque_guitarra,Unknown
ataque_guitarra,Unknown
ataque_guitarra,Unknown
ataque_guitarra,Unknown
ataque_guitarra,Unknown
ataque_guitarra,Unknown
ataque_guitarra,Unknown
ataque_guitarra,Unknown
ataque_lanza,Unknown
ataque_lanza,Unknown
ataque_lanza,Unknown
ataque_lanza,Unknown
ataque_lanza,Unknown
ataque_lanza,Unknown
ataque_lanza,Unknown
ataque_lanza,Unknown
ataque_lanza,Unknown
ataque_lanza,Unknown
ataque_lanza,Unknown
ataque_lanza,Unknown
ataque_lanza,Unknown
ataque_lanza,Unknown
ataque_lanza,Unknown
ataque_lanza,Unknown
ataque_lanza,Unknown
ataque_lanza,Unknown
ataque_lanza,Unknown
ataque_lanza,Unknown
ataque_lanza,Unknown
ataque_lanza,Unknown
ataque_lanza,Unknown
ataque_lanza,Unknown
ataque_lanza,Unknown
ataque_lanza,Unknown
ataque_lanza,Unknown
ataque_lanza,Unknown
ataque_lanza,Unknown
ataque_lanza,Unknown
ataque_lanza,Unknown
ataque_lanza,Unknown
ataque_lanza,Unknown
ataque_lanza,Unknown
ataque_lanza,Unknown
ataque_lanza,Unknown
ataque_lanza,Unknown
ataque_lanza,Unknown
ataque_lanza,Unknown
ataque_lanza,Unknown
ataque_lanza,Unknown
ataque_lanza,Unknown
ataque_lanza,Unknown
ataque_lanza,Unknown
ataque_lanza,Unknown
ataque_lanza,Unknown
ataque_lanza,Unknown
ataque_lanza,Unknown
ataque_lanza,Unknown
ataque_lanza,Unknown
ataque_lanza,Unknown
ataque_lanza,Unknown
ataque_maza,Unknown
ataque_maza,Unknown
ataque_maza,Unknown
ataque_maza,Unknown
ataque_maza,Unknown
ataque_maza,Unknown
ataque_maza,Unknown
ataque_maza,Unknown
ataque_maza,Unknown
ataque_maza,Unknown
ataque_maza,Unknown
ataque_maza,Unknown
ataque_maza,Unknown
ataque_maza,Unknown
ataque_maza,Unknown
ataque_maza,Unknown
ataque_maza,Unknown
ataque_maza,Unknown
ataque_maza,Unknown
ataque_maza,Unknown
ataque_maza,Unknown
ataque_maza,Unknown
ataque_maza,Unknown
ataque_maza,Unknown
ataque_maza,Unknown
ataque_maza,Unknown
ataque_maza,Unknown
ataque_maza,Unknown
ataque_maza,Unknown
ataque_maza,Unknown
ataque_maza,Unknown
ataque_maza,Unknown
ataque_maza,Unknown
ataque_maza,Unknown
ataque_maza,Unknown
ataque_maza,Unknown
ataque_maza,Unknown
ataque_maza,Unknown
ataque_maza,Unknown
ataque_maza,Unknown
ataque_maza,Unknown
ataque_maza,Unknown
ataque_samaruai,Unknown
ataque_samaruai,Unknown
ataque_samaruai,Unknown
ataque_samaruai,Unknown
ataque_samaruai,Unknown
ataque_samaruai,Unknown
ataque_samaruai,Unknown
ataque_samaruai,Unknown
ataque_samaruai,Unknown
ataque_samaruai,Unknown
ataque_samaruai,Unknown
ataque_samaruai,Unknown
ataque_samaruai,Unknown
ataque_samaruai,Unknown
ataque_samaruai,Unknown
ataque_samaruai,Unknown
ataque_samaruai,Unknown
ataque_samaruai,Unknown
ataque_samaruai,Unknown
ataque_samaruai,Unknown
ataque_samaruai,Unknown
ataque_samaruai,Unknown
ataque_samaruai,Unknown
ataque_samaruai,Unknown
ataque_samaruai,Unknown
ataque_samaruai,Unknown
ataque_samaruai,Unknown
ataque_samaruai,Unknown
ataque_samaruai,Unknown
ataque_samaruai,Unknown
ataque_samaruai,Unknown
ataque_samaruai,Unknown
ataque_samaruai,Unknown
ataque_samaruai,Unknown
ataque_samaruai,Unknown
ataque_samaruai,Unknown
aura,Unknown
aura,Unknown
aura,Unknown
aura,Unknown
aura,Unknown
aura,Unknown
aura,Unknown
aura,Unknown
aura,Unknown
aura,Unknown
aura,Unknown
aura,Unknown
aura,Unknown
aura,Unknown
aura,Unknown
aura,Unknown
aura,Unknown
aura,Unknown
aura,Unknown
aura,Unknown
aura,Unknown
aura,Unknown
aura,Unknown
aura,Unknown
aura,Unknown
aura,Unknown
aura,Unknown
aura,Unknown
aura,Unknown
aura,Unknown
aura,Unknown
aura,Unknown
aura,Unknown
aura,Unknown
aura,Unknown
aura,Unknown
aura,Unknown
aura,Unknown
aura,Unknown
aura,Unknown
aura,Unknown
aura,Unknown
aura,Unknown
aura,Unknown
aura,Unknown
aura,Unknown
aura,Unknown
aura,Unknown
aura,Unknown
aura,Unknown
aura,Unknown
aura,Unknown
aura,Unknown
aura,Unknown
aura,Unknown
aura,Unknown
aura,Unknown
aura,Unknown
aura,Unknown
aura,Unknown
aura,Unknown
aura,Unknown
aura,Unknown
aura,Unknown
aura,Unknown
aura,Unknown
aura,Unknown
aura,Unknown
aura,Unknown
aura,Unknown
aura,Unknown
aura,Unknown
aura,Unknown
aura,Unknown
aura,Unknown
aura,Unknown
aura,Unknown
aura,Unknown
aura,Unknown
aura,Unknown
caballero_con_espada,Unknown
caballero_con_espada,Unknown
caballero_con_espada,Unknown
caballero_con_espada,Unknown
caballero_con_espada,Unknown
caballero_con_espada,Unknown
caballero_con_espada,Unknown
caballero_con_espada,Unknown
caballero_con_espada,Unknown
caballero_con_espada,Unknown
caballero_con_espada,Unknown
caballero_con_espada,Unknown
caballero_con_espada,Unknown
caballero_con_espada,Unknown
caballero_con_espada,Unknown
caballero_con_espada,Unknown
caballero_con_espada,Unknown
caballero_con_espada,Unknown
caballero_con_espada,Unknown
caballero_con_espada,Unknown
caballero_con_espada,Unknown
caballero_con_espada,Unknown
caballero_con_espada,Unknown
caballero_con_espada,Unknown
caballero_con_espada,Unknown
caballero_con_espada,Unknown
caballero_con_espada,Unknown
caballero_con_espada,Unknown
caballero_con_espada,Unknown
caballero_con_espada,Unknown
caballero_con_espada,Unknown
caballero_con_espada,Unknown
caballero_con_espada,Unknown
caballero_con_espada,Unknown
caballero_con_espada,Unknown
caballero_con_espada,Unknown
caballero_con_espada,Unknown
caballero_con_espada,Unknown
caballero_con_espada,Unknown
caballero_con_espada,Unknown
caballero_con_espada,Unknown
caballero_con_espada,Unknown
caballero_con_espada,Unknown
caballero_con_espada,Unknown
caballero_con_espada,Unknown
caballero_con_espada,Unknown
caballero_con_espada,Unknown
caballero_con_espada,Unknown
caballero_con_espada,Unknown
caballero_con_espada,Unknown
caminata_brazos_abiertos,Unknown
caminata_brazos_abiertos,Unknown
caminata_brazos_abiertos,Unknown
caminata_brazos_abiertos,Unknown
caminata_brazos_abiertos,Unknown
caminata_brazos_abiertos,Unknown
caminata_brazos_abiertos,Unknown
caminata_brazos_abiertos,Unknown
caminata_brazos_abiertos,Unknown
caminata_brazos_abiertos,Unknown
comer,Unknown
comer,Unknown
comer,Unknown
comer,Unknown
comer,Unknown
comer,Unknown
comer,Unknown
comer,Unknown
comer,Unknown
comer,Unknown
comer,Unknown
comer,Unknown
comer,Unknown
comer,Unknown
comer,Unknown
comer,Unknown
comer,Unknown
comer,Unknown
comer,Unknown
comer,Unknown
comer,Unknown
comer,Unknown
comer,Unknown
comer,Unknown
comer,Unknown
comer,Unknown
comer,Unknown
comer,Unknown
comer,Unknown
comer,Unknown
comer,Unknown
comer,Unknown
comer,Unknown
comer,Unknown
comer,Unknown
comer,Unknown
comer,Unknown
comer,Unknown
comer,Unknown
comer,Unknown
comer,Unknown
comer,Unknown
comer,Unknown
comer,Unknown
comer,Unknown
comer,Unknown
comer,Unknown
comer,Unknown
comer,Unknown
comer,Unknown
comer,Unknown
comer,Unknown
comer,Unknown
comer,Unknown
comer,Unknown
comer,Unknown
comer,Unknown
comer,Unknown
comer,Unknown
comer,Unknown
comer,Unknown
comer,Unknown
comer,Unknown
comer,Unknown
comer,Unknown
comer,Unknown
comer,Unknown
comer,Unknown
corazon,Unknown
corazon,Unknown
corazon,Unknown
corazon,Unknown
corazon,Unknown
corazon,Unknown
corazon,Unknown
corazon,Unknown
corazon,Unknown
corazon,Unknown
corazon,Unknown
corazon,Unknown
corazon,Unknown
corazon,Unknown
corazon,Unknown
corazon,Unknown
corazon,Unknown
corazon,Unknown
corazon,Unknown
corazon,Unknown
corazon,Unknown
corazon,Unknown
corazon,Unknown
corazon,Unknown
corazon,Unknown
corazon,Unknown
corazon,Unknown
corazon,Unknown
corazon,Unknown
corazon,Unknown
corazon,Unknown
corazon,Unknown
corazon,Unknown
corazon,Unknown
corazon,Unknown
corazon,Unknown
corazon,Unknown
corazon,Unknown
corazon,Unknown
corazon,Unknown
corazon,Unknown
corazon,Unknown
corazon,Unknown
corazon,Unknown
corazon,Unknown
corazon,Unknown
corazon,Unknown
corazon,Unknown
corazon,Unknown
corazon,Unknown
corazon,Unknown
corazon,Unknown
corazon,Unknown
corazon,Unknown
corazon,Unknown
corazon,Unknown
corazon,Unknown
corazon,Unknown
corazon,Unknown
corazon,Unknown
corazon,Unknown
corazon,Unknown
corazon,Unknown
corazon,Unknown
corazon,Unknown
corazon,Unknown
corazon,Unknown
corazon,Unknown
corazon,Unknown
corazon,Unknown
corazon,Unknown
corazon,Unknown
corazon,Unknown
corazon,Unknown
corazon,Unknown
corazon,Unknown
corazon,Unknown
corazon,Unknown
corazon,Unknown
corazon,Unknown
corazon,Unknown
corazon,Unknown
corazon,Unknown
corazon,Unknown
corazon,Unknown
corazon,Unknown
corazon,Unknown
corazon,Unknown
corazon,Unknown
corazon,Unknown
corazon,Unknown
corazon,Unknown
corazon,Unknown
corazon,Unknown
corazon,Unknown
corazon,Unknown
corazon,Unknown
corazon,Unknown
corazon,Unknown
corazon,Unknown
corazon,Unknown
corazon,Unknown
corazon,Unknown
corazon,Unknown
corazon,Unknown
corazon,Unknown
corazon,Unknown
corazon,Unknown
corazon,Unknown
corazon,Unknown
corazon,Unknown
corazon,Unknown
corazon,Unknown
corazon,Unknown
corazon,Unknown
corazon,Unknown
corazon,Unknown
corazon,Unknown
corazon,Unknown
corazon,Unknown
corazon,Unknown
corazon,Unknown
corazon,Unknown
corazon,Unknown
corazon,Unknown
corazon,Unknown
corazon,Unknown
corazon,Unknown
corazon,Unknown
corazon,Unknown
corazon,Unknown
corazon,Unknown
corazon,Unknown
corazon,Unknown
corazon,Unknown
corazon,Unknown
corazon,Unknown
corazon,Unknown
corazon,Unknown
corazon,Unknown
corazon,Unknown
corazon,Unknown
corazon,Unknown
corazon,Unknown
corazon,Unknown
corazon,Unknown
corazon,Unknown
corazon,Unknown
corazon,Unknown
corazon,Unknown
corazon,Unknown
corazon,Unknown
corazon,Unknown
corazon,Unknown
corazon,Unknown
corazon,Unknown
corazon,Unknown
corazon,Unknown
corazon,Unknown
corazon,Unknown
corazon,Unknown
corazon,Unknown
corazon,Unknown
corazon,Unknown
corazon,Unknown
corazon,Unknown
corazon,Unknown
corazon,Unknown
corazon,Unknown
corazon,Unknown
corazon,Unknown
corazon,Unknown
corazon,Unknown
corazon,Unknown
corazon,Unknown
corazon,Unknown
corazon,Unknown
corazon,Unknown
corazon,Unknown
corazon,Unknown
corazon,Unknown
corazon,Unknown
corazon,Unknown
corazon,Unknown
corazon,Unknown
corazon,Unknown
corazon,Unknown
corazon,Unknown
corazon,Unknown
corazon,Unknown
corazon,Unknown
corazon,Unknown
corazon,Unknown
corazon,Unknown
corazon,Unknown
corazon,Unknown
corazon,Unknown
corazon,Unknown
corazon,Unknown
corazon,Unknown
corazon,Unknown
corazon,Unknown
corazon,Unknown
corazon,Unknown
corazon,Unknown
corazon,Unknown
corazon,Unknown
corazon,Unknown
corazon,Unknown
corazon,Unknown
corazon,Unknown
corazon,Unknown
corazon,Unknown
corazon,Unknown
corazon,Unknown
corazon,Unknown
corazon,Unknown
corazon,Unknown
corazon,Unknown
corazon,Unknown
corazon,Unknown
corazon,Unknown
corazon,Unknown
corazon,Unknown
corazon,Unknown
corazon,Unknown
corazon,Unknown
corazon,Unknown
corazon,Unknown
corazon,Unknown
corazon,Unknown
corazon,Unknown
corazon,Unknown
corazon,Unknown
corazon,Unknown
corazon,Unknown
corazon,Unknown
corazon,Unknown
corazon,Unknown
corazon,Unknown
corazon,Unknown
corazon,Unknown
corazon,Unknown
corazon,Unknown
corazon,Unknown
corazon,Unknown
corazon,Unknown
corazon,Unknown
corazon,Unknown
corazon,Unknown
corazon,Unknown
corazon,Unknown
corazon,Unknown
corazon,Unknown
corazon,Unknown
corazon,Unknown
corazon,Unknown
corazon,Unknown
corazon,Unknown
corazon,Unknown
corazon,Unknown
corazon,Unknown
corazon,Unknown
corazon,Unknown
corazon,Unknown
corazon,Unknown
corazon,Unknown
corazon,Unknown
corazon,Unknown
corazon,Unknown
corazon,Unknown
corazon,Unknown
corazon,Unknown
corazon,Unknown
corazon,Unknown
corazon,Unknown
corazon,Unknown
corazon,Unknown
corazon,Unknown
corazon,Unknown
corazon,Unknown
corazon,Unknown
corazon,Unknown
corazon,Unknown
corazon,Unknown
corazon,Unknown
corazon,Unknown
corazon,Unknown
corazon,Unknown
corazon,Unknown
corazon,Unknown
corazon,Unknown
corazon,Unknown
corazon,Unknown
corazon,Unknown
corazon,Unknown
corazon,Unknown
corazon,Unknown
corazon,Unknown
corazon,Unknown
corazon,Unknown
corazon,Unknown
corazon,Unknown
corazon,Unknown
corazon,Unknown
corazon,Unknown
corazon,Unknown
corazon,Unknown
corazon,Unknown
corazon,Unknown
corazon,Unknown
corazon,Unknown
corazon,Unknown
corazon,Unknown
corazon,Unknown
corazon,Unknown
corazon,Unknown
corazon,Unknown
corazon,Unknown
corazon,Unknown
corazon,Unknown
corazon,Unknown
corazon,Unknown
corazon,Unknown
corazon,Unknown
corazon,Unknown
corazon,Unknown
corazon,Unknown
corazon,Unknown
corazon,Unknown
corazon,Unknown
corazon,Unknown
corazon,Unknown
corazon,Unknown
corazon,Unknown
corazon,Unknown
corazon,Unknown
corazon,Unknown
corazon,Unknown
corazon,Unknown
corazon,Unknown
corazon,Unknown
corazon,Unknown
corazon,Unknown
corazon,Unknown
corazon,Unknown
corazon,Unknown
corazon,Unknown
corazon,Unknown
corazon,Unknown
corazon,Unknown
corazon,Unknown
corazon,Unknown
corazon,Unknown
corazon,Unknown
corazon,Unknown
corazon,Unknown
corazon,Unknown
corazon,Unknown
corazon,Unknown
corazon,Unknown
corazon,Unknown
corazon,Unknown
corazon,Unknown
corazon,Unknown
corazon,Unknown
corazon,Unknown
corazon,Unknown
corazon,Unknown
corazon,Unknown
corazon,Unknown
corazon,Unknown
corazon,Unknown
corazon,Unknown
corazon,Unknown
corazon,Unknown
corazon,Unknown
corazon,Unknown
corazon,Unknown
corazon,Unknown
corazon,Unknown
corazon,Unknown
corazon,Unknown
corazon,Unknown
corazon,Unknown
corazon,Unknown
corazon,Unknown
corazon,Unknown
corazon,Unknown
corazon,Unknown
corazon,Unknown
corazon,Unknown
corazon,Unknown
corazon,Unknown
corazon,Unknown
corazon,Unknown
corazon,Unknown
corazon,Unknown
corazon,Unknown
corazon,Unknown
corazon,Unknown
corazon,Unknown
corazon,Unknown
corazon,Unknown
corazon,Unknown
corazon,Unknown
corazon,Unknown
corazon,Unknown
corazon,Unknown
corazon,Unknown
corazon,Unknown
corazon,Unknown
corazon,Unknown
corazon,Unknown
corazon,Unknown
corazon,Unknown
corazon,Unknown
corazon,Unknown
corazon,Unknown
corazon,Unknown
corazon,Unknown
corazon,Unknown
corazon,Unknown
corazon,Unknown
corazon,Unknown
corazon,Unknown
corazon,Unknown
corazon,Unknown
corazon,Unknown
corazon,Unknown
corazon,Unknown
corazon,Unknown
corazon,Unknown
corazon,Unknown
corazon,Unknown
corazon,Unknown
corazon,Unknown
corazon,Unknown
corazon,Unknown
corazon,Unknown
corazon,Unknown
corazon,Unknown
corazon,Unknown
corazon,Unknown
corazon,Unknown
corazon,Unknown
corazon,Unknown
corazon,Unknown
corazon,Unknown
corazon,Unknown
corazon,Unknown
corazon,Unknown
corazon,Unknown
corazon,Unknown
corazon,Unknown
corazon,Unknown
corazon,Unknown
corazon,Unknown
corazon,Unknown
corazon,Unknown
corazon,Unknown
corazon,Unknown
corazon,Unknown
corazon,Unknown
corazon,Unknown
corazon,Unknown
corazon,Unknown
corazon,Unknown
corazon,Unknown
corazon,Unknown
corazon,Unknown
corazon,Unknown
corazon,Unknown
corazon,Unknown
corazon,Unknown
corazon,Unknown
corazon,Unknown
corazon,Unknown
corazon,Unknown
corazon,Unknown
corazon,Unknown
corazon,Unknown
corazon,Unknown
corazon,Unknown
corazon,Unknown
corazon,Unknown
corazon,Unknown
corazon,Unknown
corazon,Unknown
corazon,Unknown
corazon,Unknown
corazon,Unknown
corazon,Unknown
corazon,Unknown
corazon,Unknown
corazon,Unknown
corazon,Unknown
corazon,Unknown
corazon,Unknown
corazon,Unknown
corazon,Unknown
corazon,Unknown
corazon,Unknown
corazon,Unknown
corazon,Unknown
corazon,Unknown
corazon,Unknown
corazon,Unknown
corazon,Unknown
corazon,Unknown
corazon,Unknown
corazon,Unknown
corazon,Unknown
corazon,Unknown
corazon,Unknown
corazon,Unknown
corazon,Unknown
corazon,Unknown
corazon,Unknown
corazon,Unknown
corazon,Unknown
corazon,Unknown
corazon,Unknown
corazon,Unknown
corazon,Unknown
corazon,Unknown
corazon,Unknown
corazon,Unknown
corazon,Unknown
corazon,Unknown
corazon,Unknown
corazon,Unknown
corazon,Unknown
corazon_brillo,Unknown
corazon_brillo,Unknown
corazon_brillo,Unknown
corazon_brillo,Unknown
corazon_brillo,Unknown
corazon_brillo,Unknown
corazon_brillo,Unknown
corazon_brillo,Unknown
corazon_brillo,Unknown
corazon_brillo,Unknown
corazon_brillo,Unknown
corazon_brillo,Unknown
corazon_brillo,Unknown
corazon_brillo,Unknown
corazon_brillo,Unknown
corazon_brillo,Unknown
corazon_brillo,Unknown
corazon_brillo,Unknown
corazon_brillo,Unknown
corazon_brillo,Unknown
corazon_brillo,Unknown
corazon_brillo,Unknown
corazon_brillo,Unknown
corazon_brillo,Unknown
corazon_brillo,Unknown
corazon_brillo,Unknown
corazon_brillo,Unknown
corazon_brillo,Unknown
corazon_brillo,Unknown
corazon_brillo,Unknown
corazon_brillo,Unknown
corazon_brillo,Unknown
corazon_brillo,Unknown
corazon_brillo,Unknown
corazon_brillo,Unknown
corazon_brillo,Unknown
corazon_brillo,Unknown
corazon_brillo,Unknown
corazon_brillo,Unknown
corazon_brillo,Unknown
corazon_brillo,Unknown
corazon_brillo,Unknown
corazon_brillo,Unknown
corazon_brillo,Unknown
corazon_brillo,Unknown
corazon_brillo,Unknown
corazon_brillo,Unknown
corazon_brillo,Unknown
corazon_brillo,Unknown
corazon_brillo,Unknown
corazon_brillo,Unknown
corazon_brillo,Unknown
corazon_brillo,Unknown
corazon_brillo,Unknown
corazon_brillo,Unknown
corazon_brillo,Unknown
corazon_brillo,Unknown
corazon_brillo,Unknown
corazon_brillo,Unknown
corazon_brillo,Unknown
corazon_brillo,Unknown
corazon_brillo,Unknown
corazon_brillo,Unknown
corazon_brillo,Unknown
corazon_brillo,Unknown
corazon_brillo,Unknown
corazon_brillo,Unknown
corazon_brillo,Unknown
corazon_brillo,Unknown
corazon_brillo,Unknown
corazon_brillo,Unknown
corazon_brillo,Unknown
corazon_brillo,Unknown
corazon_brillo,Unknown
corazon_brillo,Unknown
corazon_brillo,Unknown
corazon_brillo,Unknown
corazon_brillo,Unknown
corazon_brillo,Unknown
corazon_brillo,Unknown
corazon_brillo,Unknown
corazon_brillo,Unknown
corazon_brillo,Unknown
corazon_brillo,Unknown
corazon_brillo,Unknown
corazon_brillo,Unknown
corazon_brillo,Unknown
corazon_brillo,Unknown
corazon_brillo,Unknown
corazon_brillo,Unknown
corazon_brillo,Unknown
corazon_brillo,Unknown
corazon_brillo,Unknown
corazon_brillo,Unknown
corazon_brillo,Unknown
corazon_brillo,Unknown
corazon_brillo,Unknown
corazon_brillo,Unknown
corazon_brillo,Unknown
corazon_brillo,Unknown
corazon_brillo,Unknown
corazon_brillo,Unknown
corazon_brillo,Unknown
corazon_brillo,Unknown
corazon_brillo,Unknown
corazon_brillo,Unknown
corazon_brillo,Unknown
corazon_brillo,Unknown
corazon_brillo,Unknown
corazon_brillo,Unknown
corazon_brillo,Unknown
corazon_brillo,Unknown
corazon_brillo,Unknown
corazon_brillo,Unknown
corazon_brillo,Unknown
corazon_brillo,Unknown
corazon_brillo,Unknown
corazon_brillo,Unknown
corazon_brillo,Unknown
corazon_brillo,Unknown
corazon_brillo,Unknown
corazon_brillo,Unknown
corazon_brillo,Unknown
corazon_brillo,Unknown
corazon_brillo,Unknown
corazon_brillo,Unknown
corazon_brillo,Unknown
corazon_brillo,Unknown
corazon_brillo,Unknown
corazon_brillo,Unknown
corazon_brillo,Unknown
corazon_brillo,Unknown
corazon_brillo,Unknown
corazon_brillo,Unknown
corazon_brillo,Unknown
corazon_brillo,Unknown
corazon_brillo,Unknown
corazon_brillo,Unknown
corazon_brillo,Unknown
corazon_brillo,Unknown
corazon_brillo,Unknown
corazon_brillo,Unknown
corazon_brillo,Unknown
corazon_brillo,Unknown
corazon_brillo,Unknown
corazon_brillo,Unknown
corazon_brillo,Unknown
corazon_brillo,Unknown
corazon_brillo,Unknown
corazon_brillo,Unknown
corazon_brillo,Unknown
corazon_brillo,Unknown
corazon_brillo,Unknown
corazon_brillo,Unknown
corazon_brillo,Unknown
corazon_brillo,Unknown
corazon_brillo,Unknown
corazon_brillo,Unknown
corazon_brillo,Unknown
corazon_brillo,Unknown
corazon_brillo,Unknown
corazon_brillo,Unknown
corazon_brillo,Unknown
corazon_brillo,Unknown
corazon_brillo,Unknown
corazon_brillo,Unknown
corazon_brillo,Unknown
corazon_brillo,Unknown
corazon_brillo,Unknown
corazon_brillo,Unknown
corazon_brillo,Unknown
corazon_brillo,Unknown
corazon_brillo,Unknown
corazon_brillo,Unknown
corazon_brillo,Unknown
corazon_brillo,Unknown
corazon_brillo,Unknown
corazon_brillo,Unknown
corazon_brillo,Unknown
corazon_brillo,Unknown
corazon_brillo,Unknown
corazon_brillo,Unknown
corazon_brillo,Unknown
corazon_brillo,Unknown
corazon_brillo,Unknown
corazon_brillo,Unknown
corazon_brillo,Unknown
corazon_brillo,Unknown
corazon_brillo,Unknown
corazon_brillo,Unknown
corazon_brillo,Unknown
corazon_brillo,Unknown
corazon_brillo,Unknown
corazon_brillo,Unknown
corazon_brillo,Unknown
corazon_brillo,Unknown
corazon_brillo,Unknown
corazon_brillo,Unknown
corazon_brillo,Unknown
corazon_brillo,Unknown
corrazon_vuelta_palpitar,Unknown
corrazon_vuelta_palpitar,Unknown
corrazon_vuelta_palpitar,Unknown
corrazon_vuelta_palpitar,Unknown
corrazon_vuelta_palpitar,Unknown
corrazon_vuelta_palpitar,Unknown
correr,Unknown
correr,Unknown
correr,Unknown
correr,Unknown
correr,Unknown
correr,Unknown
correr,Unknown
correr,Unknown
correr,Unknown
correr,Unknown
correr,Unknown
correr,Unknown
correr,Unknown
correr,Unknown
correr,Unknown
correr,Unknown
correr,Unknown
correr,Unknown
correr,Unknown
correr,Unknown
correr,Unknown
correr,Unknown
correr,Unknown
correr,Unknown
correr,Unknown
correr,Unknown
correr_hacerse_pequeño,Unknown
correr_hacerse_pequeño,Unknown
correr_hacerse_pequeño,Unknown
correr_hacerse_pequeño,Unknown
correr_hacerse_pequeño,Unknown
correr_hacerse_pequeño,Unknown
correr_hacerse_pequeño,Unknown
correr_hacerse_pequeño,Unknown
correr_hacerse_pequeño,Unknown
correr_hacerse_pequeño,Unknown
correr_hacerse_pequeño,Unknown
correr_hacerse_pequeño,Unknown
correr_hacerse_pequeño,Unknown
correr_hacerse_pequeño,Unknown
correr_hacerse_pequeño,Unknown
correr_hacerse_pequeño,Unknown
correr_hacerse_pequeño,Unknown
correr_hacerse_pequeño,Unknown
correr_hacerse_pequeño,Unknown
correr_hacerse_pequeño,Unknown
correr_hacerse_pequeño,Unknown
correr_hacerse_pequeño,Unknown
correr_hacerse_pequeño,Unknown
correr_hacerse_pequeño,Unknown
correr_hacerse_pequeño,Unknown
correr_hacerse_pequeño,Unknown
correr_hacerse_pequeño,Unknown
correr_hacerse_pequeño,Unknown
correr_hacerse_pequeño,Unknown
correr_hacerse_pequeño,Unknown
correr_hacerse_pequeño,Unknown
correr_hacerse_pequeño,Unknown
correr_hacerse_pequeño,Unknown
correr_hacerse_pequeño,Unknown
correr_hacerse_pequeño,Unknown
correr_hacerse_pequeño,Unknown
correr_hacerse_pequeño,Unknown
correr_hacerse_pequeño,Unknown
correr_hacerse_pequeño,Unknown
correr_hacerse_pequeño,Unknown
correr_hacerse_pequeño,Unknown
correr_hacerse_pequeño,Unknown
correr_hacerse_pequeño,Unknown
correr_hacerse_pequeño,Unknown
correr_hacerse_pequeño,Unknown
correr_hacerse_pequeño,Unknown
correr_hacerse_pequeño,Unknown
correr_hacerse_pequeño,Unknown
correr_hacerse_pequeño,Unknown
correr_hacerse_pequeño,Unknown
correr_hacerse_pequeño,Unknown
correr_hacerse_pequeño,Unknown
correr_hacerse_pequeño,Unknown
correr_hacerse_pequeño,Unknown
correr_hacerse_pequeño,Unknown
correr_hacerse_pequeño,Unknown
correr_hacerse_pequeño,Unknown
correr_hacerse_pequeño,Unknown
correr_hacerse_pequeño,Unknown
correr_hacerse_pequeño,Unknown
correr_hacerse_pequeño,Unknown
correr_hacerse_pequeño,Unknown
correr_hacerse_pequeño,Unknown
correr_hacerse_pequeño,Unknown
correr_hacerse_pequeño,Unknown
correr_hacerse_pequeño,Unknown
correr_hacerse_pequeño,Unknown
correr_hacerse_pequeño,Unknown
correr_hacerse_pequeño,Unknown
correr_hacerse_pequeño,Unknown
correr_hacerse_pequeño,Unknown
correr_hacerse_pequeño,Unknown
correr_hacerse_pequeño,Unknown
correr_hacerse_pequeño,Unknown
correr_hacerse_pequeño,Unknown
correr_hacerse_pequeño,Unknown
correr_hacerse_pequeño,Unknown
correr_hacerse_pequeño,Unknown
correr_hacerse_pequeño,Unknown
correr_hacerse_pequeño,Unknown
correr_hacerse_pequeño,Unknown
correr_hacerse_pequeño,Unknown
correr_hacerse_pequeño,Unknown
correr_hacerse_pequeño,Unknown
correr_hacerse_pequeño,Unknown
correr_hacerse_pequeño,Unknown
correr_hacerse_pequeño,Unknown
correr_hacerse_pequeño,Unknown
correr_hacerse_pequeño,Unknown
correr_hacerse_pequeño,Unknown
correr_hacerse_pequeño,Unknown
correr_hacerse_pequeño,Unknown
correr_hacerse_pequeño,Unknown
correr_hacerse_pequeño,Unknown
correr_hacerse_pequeño,Unknown
correr_hacerse_pequeño,Unknown
correr_hacerse_pequeño,Unknown
correr_hacerse_pequeño,Unknown
correr_hacerse_pequeño,Unknown
correr_hacerse_pequeño,Unknown
correr_hacerse_pequeño,Unknown
correr_hacerse_pequeño,Unknown
correr_hacerse_pequeño,Unknown
correr_hacerse_pequeño,Unknown
correr_hacerse_pequeño,Unknown
correr_hacerse_pequeño,Unknown
correr_hacerse_pequeño,Unknown
correr_hacerse_pequeño,Unknown
correr_hacerse_pequeño,Unknown
correr_hacerse_pequeño,Unknown
correr_hacerse_pequeño,Unknown
correr_hacerse_pequeño,Unknown
correr_hacerse_pequeño,Unknown
correr_hacerse_pequeño,Unknown
correr_hacerse_pequeño,Unknown
correr_hacerse_pequeño,Unknown
correr_hacerse_pequeño,Unknown
correr_hacerse_pequeño,Unknown
correr_hacerse_pequeño,Unknown
correr_hacerse_pequeño,Unknown
correr_hacerse_pequeño,Unknown
correr_hacerse_pequeño,Unknown
correr_hacerse_pequeño,Unknown
correr_hacerse_pequeño,Unknown
correr_hacerse_pequeño,Unknown
correr_hacerse_pequeño,Unknown
correr_hacerse_pequeño,Unknown
correr_hacerse_pequeño,Unknown
correr_hacerse_pequeño,Unknown
correr_hacerse_pequeño,Unknown
correr_hacerse_pequeño,Unknown
correr_hacerse_pequeño,Unknown
correr_hacerse_pequeño,Unknown
correr_hacerse_pequeño,Unknown
correr_pasos_largos,Unknown
correr_pasos_largos,Unknown
correr_pasos_largos,Unknown
correr_pasos_largos,Unknown
correr_pasos_largos,Unknown
correr_pasos_largos,Unknown
correr_pasos_largos,Unknown
correr_pasos_largos,Unknown
demonio_ataque,Unknown
demonio_ataque,Unknown
demonio_ataque,Unknown
demonio_ataque,Unknown
demonio_ataque,Unknown
demonio_ataque,Unknown
demonio_ataque,Unknown
demonio_ataque,Unknown
demonio_ataque,Unknown
demonio_ataque,Unknown
demonio_ataque,Unknown
demonio_ataque,Unknown
demonio_ataque,Unknown
demonio_ataque,Unknown
demonio_ataque,Unknown
demonio_ataque,Unknown
demonio_ataque,Unknown
demonio_ataque,Unknown
demonio_ataque,Unknown
demonio_ataque,Unknown
demonio_ataque,Unknown
demonio_ataque,Unknown
demonio_ataque,Unknown
demonio_ataque,Unknown
demonio_ataque,Unknown
demonio_ataque,Unknown
demonio_ataque,Unknown
demonio_ataque,Unknown
demonio_ataque,Unknown
demonio_ataque,Unknown
demonio_ataque,Unknown
demonio_ataque,Unknown
demonio_ataque,Unknown
demonio_ataque,Unknown
demonio_ataque,Unknown
demonio_ataque,Unknown
demonio_ataque,Unknown
demonio_ataque,Unknown
demonio_ataque,Unknown
demonio_ataque,Unknown
demonio_ataque,Unknown
demonio_ataque,Unknown
demonio_ataque,Unknown
demonio_ataque,Unknown
demonio_ataque,Unknown
demonio_ataque,Unknown
demonio_ataque,Unknown
demonio_ataque,Unknown
demonio_ataque,Unknown
demonio_ataque,Unknown
demonio_ataque,Unknown
demonio_ataque,Unknown
demonio_ataque,Unknown
demonio_ataque_espada,Unknown
demonio_ataque_espada,Unknown
demonio_ataque_espada,Unknown
demonio_ataque_espada,Unknown
demonio_ataque_espada,Unknown
demonio_ataque_espada,Unknown
demonio_ataque_espada,Unknown
demonio_ataque_espada,Unknown
demonio_ataque_espada,Unknown
demonio_ataque_espada,Unknown
demonio_ataque_espada,Unknown
demonio_ataque_espada,Unknown
demonio_ataque_espada,Unknown
demonio_ataque_espada,Unknown
demonio_ataque_espada,Unknown
demonio_ataque_espada,Unknown
demonio_ataque_espada,Unknown
demonio_ataque_espada,Unknown
demonio_ataque_espada,Unknown
demonio_ataque_espada,Unknown
demonio_ataque_espada,Unknown
demonio_ataque_espada,Unknown
demonio_ataque_espada,Unknown
demonio_ataque_espada,Unknown
demonio_ataque_espada,Unknown
demonio_ataque_espada,Unknown
demonio_ataque_espada,Unknown
demonio_ataque_espada,Unknown
demonio_ataque_espada,Unknown
demonio_ataque_espada,Unknown
demonio_ataque_espada,Unknown
demonio_ataque_espada,Unknown
demonio_ataque_espada,Unknown
demonio_ataque_espada,Unknown
demonio_ataque_espada,Unknown
demonio_ataque_espada,Unknown
demonio_ataque_espada,Unknown
demonio_ataque_espada,Unknown
demonio_ataque_espada,Unknown
demonio_ataque_espada,Unknown
demonio_ataque_espada,Unknown
demonio_ataque_espada,Unknown
demonio_ataque_espada,Unknown
demonio_ataque_espada,Unknown
demonio_ataque_espada,Unknown
demonio_ataque_espada,Unknown
demonio_ataque_espada,Unknown
demonio_ataque_espada,Unknown
demonio_ataque_espada,Unknown
demonio_ataque_espada,Unknown
demonio_ataque_espada,Unknown
demonio_ataque_espada,Unknown
demonio_ataque_espada,Unknown
demonio_ataque_espada,Unknown
demonio_ataque_espada,Unknown
demonio_ataque_espada,Unknown
demonio_ataque_espada,Unknown
demonio_ataque_espada,Unknown
demonio_ataque_espada,Unknown
demonio_ataque_espada,Unknown
demonio_ataque_espada,Unknown
demonio_ataque_espada,Unknown
demonio_ataque_espada,Unknown
demonio_ataque_espada,Unknown
demonio_ataque_espada,Unknown
demonio_ataque_espada,Unknown
demonio_ataque_espada,Unknown
demonio_ataque_espada,Unknown
demonio_ataque_espada,Unknown
demonio_ataque_espada,Unknown
demonio_ataque_espada,Unknown
demonio_ataque_espada,Unknown
demonio_ataque_espada,Unknown
demonio_ataque_espada,Unknown
demonio_ataque_espada,Unknown
demonio_ataque_espada,Unknown
demonio_ataque_espada,Unknown
demonio_ataque_espada,Unknown
demonio_ataque_espada,Unknown
demonio_ataque_espada,Unknown
demonio_ataque_espada,Unknown
demonio_ataque_espada,Unknown
demonio_ataque_espada,Unknown
demonio_ataque_espada,Unknown
demonio_ataque_espada,Unknown
demonio_ataque_espada,Unknown
demonio_ataque_espada,Unknown
demonio_ataque_espada,Unknown
demonio_ataque_espada,Unknown
demonio_ataque_espada,Unknown
demonio_ataque_espada,Unknown
disparar,Unknown
disparar,Unknown
disparar,Unknown
disparar,Unknown
disparar,Unknown
disparar,Unknown
disparar,Unknown
disparar,Unknown
disparar,Unknown
disparar,Unknown
disparar,Unknown
disparar,Unknown
disparar,Unknown
disparar_muerte,Unknown
disparar_muerte,Unknown
disparar_muerte,Unknown
disparar_muerte,Unknown
disparar_muerte,Unknown
disparar_muerte,Unknown
disparar_muerte,Unknown
disparar_muerte,Unknown
disparar_muerte,Unknown
disparar_muerte,Unknown
disparar_muerte,Unknown
disparar_muerte,Unknown
disparar_muerte,Unknown
disparar_muerte,Unknown
disparar_muerte,Unknown
disparar_muerte,Unknown
disparar_muerte,Unknown
disparar_muerte,Unknown
disparar_muerte,Unknown
disparar_muerte,Unknown
disparar_muerte,Unknown
disparar_muerte,Unknown
disparar_muerte,Unknown
disparar_muerte,Unknown
disparar_muerte,Unknown
disparar_muerte,Unknown
disparar_muerte,Unknown
disparar_muerte,Unknown
disparar_muerte,Unknown
disparar_muerte,Unknown
disparar_muerte,Unknown
disparar_muerte,Unknown
disparar_muerte,Unknown
disparar_muerte,Unknown
disparar_muerte,Unknown
disparar_muerte,Unknown
disparar_muerte,Unknown
disparar_muerte,Unknown
disparar_muerte,Unknown
disparar_muerte,Unknown
disparar_muerte,Unknown
disparar_muerte,Unknown
disparar_muerte,Unknown
disparar_muerte,Unknown
disparar_muerte,Unknown
disparar_muerte,Unknown
disparar_muerte,Unknown
disparar_muerte,Unknown
disparar_muerte,Unknown
disparar_muerte,Unknown
disparar_muerte,Unknown
disparar_muerte,Unknown
disparar_muerte,Unknown
disparar_muerte,Unknown
disparar_muerte,Unknown
disparar_muerte,Unknown
disparar_muerte,Unknown
disparar_muerte,Unknown
disparar_pollo,Unknown
disparar_pollo,Unknown
disparar_pollo,Unknown
disparar_pollo,Unknown
esqueleto,Unknown
esqueleto,Unknown
esqueleto,Unknown
esqueleto,Unknown
esqueleto,Unknown
esqueleto,Unknown
esqueleto,Unknown
esqueleto,Unknown
esqueleto,Unknown
esqueleto,Unknown
esqueleto,Unknown
esqueleto,Unknown
fogata,Unknown
fogata,Unknown
fogata,Unknown
fogata,Unknown
fogata,Unknown
fogata,Unknown
fogata,Unknown
fogata,Unknown
fogata,Unknown
fogata,Unknown
fogata,Unknown
fogata,Unknown
fogata,Unknown
fogata,Unknown
fogata,Unknown
fogata,Unknown
fogata,Unknown
fogata,Unknown
fuego,Unknown
fuego,Unknown
fuego,Unknown
fuego,Unknown
fuego,Unknown
fuego,Unknown
fuego,Unknown
fuego,Unknown
fuego,Unknown
fuego,Unknown
inmobil_correr,Unknown
inmobil_correr,Unknown
inmobil_correr,Unknown
inmobil_correr,Unknown
inmobil_correr,Unknown
inmobil_correr,Unknown
inmobil_correr,Unknown
inmobil_correr,Unknown
inmobil_correr,Unknown
inmobil_correr,Unknown
inmobil_correr,Unknown
inmobil_correr,Unknown
inmobil_correr,Unknown
inmobil_correr,Unknown
inmobil_correr,Unknown
inmobil_correr,Unknown
inmobil_correr,Unknown
inmobil_correr,Unknown
inmobil_correr,Unknown
inmobil_correr,Unknown
inmobil_correr,Unknown
inmobil_correr,Unknown
inmobil_correr,Unknown
inmobil_correr,Unknown
inmobil_correr,Unknown
inmobil_correr,Unknown
inmobil_correr,Unknown
inmobil_correr,Unknown
inmobil_correr,Unknown
inmobil_correr,Unknown
inmobil_correr,Unknown
inmobil_correr,Unknown
inmobil_correr,Unknown
inmobil_correr,Unknown
inmobil_correr,Unknown
inmobil_correr,Unknown
lanza_llamas,Unknown
lanza_llamas,Unknown
lanza_llamas,Unknown
lanza_llamas,Unknown
lanza_llamas,Unknown
lanza_llamas,Unknown
lanza_llamas,Unknown
lanza_llamas,Unknown
lanza_llamas,Unknown
lanza_llamas,Unknown
lanza_llamas,Unknown
lanza_llamas,Unknown
lanza_llamas,Unknown
lanza_llamas,Unknown
lanza_llamas,Unknown
lanza_llamas,Unknown
lanza_llamas,Unknown
lanza_llamas,Unknown
lanza_llamas,Unknown
lanza_llamas,Unknown
lanza_llamas,Unknown
mago_aura,Unknown
mago_aura,Unknown
mago_aura,Unknown
mago_aura,Unknown
mago_aura,Unknown
mago_aura,Unknown
mago_aura,Unknown
mago_aura,Unknown
mago_aura,Unknown
mago_aura,Unknown
mago_aura,Unknown
mago_aura,Unknown
mago_aura,Unknown
mago_aura,Unknown
mago_aura,Unknown
mago_aura,Unknown
mago_aura,Unknown
mago_aura,Unknown
mago_aura,Unknown
mago_aura,Unknown
mago_aura,Unknown
mago_aura,Unknown
mago_aura,Unknown
mago_aura,Unknown
mago_aura,Unknown
mago_aura,Unknown
mago_raro_baculo,Unknown
mago_raro_baculo,Unknown
mago_raro_baculo,Unknown
mago_raro_baculo,Unknown
mago_raro_baculo,Unknown
mago_raro_baculo,Unknown
mago_raro_baculo,Unknown
mago_raro_baculo,Unknown
mago_raro_baculo,Unknown
mago_raro_baculo,Unknown
mago_raro_baculo,Unknown
mago_raro_baculo,Unknown
mago_raro_baculo,Unknown
mago_raro_baculo,Unknown
mago_raro_baculo,Unknown
mago_raro_baculo,Unknown
mago_raro_baculo,Unknown
mago_raro_baculo,Unknown
mago_raro_baculo,Unknown
mago_raro_baculo,Unknown
mago_raro_baculo,Unknown
mago_raro_baculo,Unknown
mago_raro_baculo,Unknown
mago_raro_baculo,Unknown
mago_raro_baculo,Unknown
mago_raro_baculo,Unknown
mago_raro_baculo,Unknown
mago_raro_baculo,Unknown
mago_raro_baculo,Unknown
mago_raro_baculo,Unknown
mago_raro_baculo,Unknown
mago_raro_baculo,Unknown
mago_raro_baculo,Unknown
mago_raro_baculo,Unknown
mago_raro_baculo,Unknown
mago_raro_baculo,Unknown
mago_raro_baculo,Unknown
mago_raro_baculo,Unknown
mago_raro_baculo,Unknown
mago_raro_baculo,Unknown
mago_raro_baculo,Unknown
mago_raro_baculo,Unknown
mago_raro_baculo,Unknown
mago_raro_baculo,Unknown
mago_raro_baculo,Unknown
mago_raro_baculo,Unknown
mago_raro_baculo,Unknown
mago_raro_baculo_ataque,Unknown
mago_raro_baculo_ataque,Unknown
mago_raro_baculo_ataque,Unknown
mago_raro_baculo_ataque,Unknown
mago_raro_baculo_ataque,Unknown
mago_raro_baculo_ataque,Unknown
mago_raro_baculo_ataque,Unknown
mago_raro_baculo_ataque,Unknown
mago_raro_baculo_ataque,Unknown
mago_raro_baculo_ataque,Unknown
mago_raro_baculo_ataque,Unknown
mago_raro_baculo_ataque,Unknown
mago_raro_baculo_ataque,Unknown
mago_raro_baculo_ataque,Unknown
mago_raro_baculo_ataque,Unknown
mago_raro_baculo_ataque,Unknown
mago_raro_baculo_ataque,Unknown
mago_raro_baculo_ataque,Unknown
mago_raro_baculo_ataque,Unknown
mago_raro_baculo_ataque,Unknown
mago_raro_baculo_ataque,Unknown
mago_raro_baculo_ataque,Unknown
mago_raro_baculo_ataque,Unknown
mago_raro_baculo_ataque,Unknown
mago_raro_baculo_ataque,Unknown
mago_raro_baculo_ataque,Unknown
mago_raro_baculo_ataque,Unknown
mago_raro_baculo_ataque,Unknown
mago_raro_baculo_ataque,Unknown
mago_raro_baculo_ataque,Unknown
mago_raro_baculo_ataque,Unknown
mago_raro_baculo_ataque,Unknown
mago_raro_baculo_ataque,Unknown
mago_raro_baculo_ataque,Unknown
mago_raro_baculo_ataque,Unknown
mago_raro_baculo_ataque,Unknown
mago_raro_baculo_ataque,Unknown
mago_raro_baculo_ataque,Unknown
mago_raro_baculo_ataque,Unknown
mago_raro_baculo_ataque,Unknown
mago_raro_baculo_ataque,Unknown
mago_raro_baculo_ataque,Unknown
mago_raro_baculo_ataque,Unknown
mago_raro_baculo_ataque,Unknown
mago_raro_baculo_ataque,Unknown
mago_raro_baculo_ataque,Unknown
mago_raro_baculo_ataque,Unknown
mago_raro_baculo_ataque,Unknown
mago_raro_baculo_ataque,Unknown
mago_raro_baculo_ataque,Unknown
mago_raro_baculo_ataque,Unknown
mago_raro_baculo_ataque,Unknown
mago_raro_baculo_ataque,Unknown
mago_raro_baculo_ataque,Unknown
mago_raro_baculo_ataque,Unknown
mago_raro_baculo_ataque,Unknown
mago_raro_baculo_ataque,Unknown
mago_raro_baculo_ataque,Unknown
mago_raro_baculo_ataque,Unknown
mago_raro_baculo_ataque,Unknown
moneda,Unknown
moneda,Unknown
moneda,Unknown
moneda,Unknown
moneda,Unknown
moneda,Unknown
moneda,Unknown
moneda,Unknown
moneda_colores,Unknown
moneda_colores,Unknown
moneda_colores,Unknown
moneda_colores,Unknown
moneda_colores,Unknown
moneda_colores,Unknown
moneda_colores,Unknown
moneda_colores,Unknown
moneda_colores,Unknown
moneda_colores,Unknown
moneda_colores,Unknown
moneda_colores,Unknown
moneda_colores,Unknown
moneda_colores,Unknown
moneda_colores,Unknown
moneda_colores,Unknown
moneda_colores,Unknown
moneda_colores,Unknown
mujer_caminando,Unknown
mujer_caminando,Unknown
mujer_caminando,Unknown
mujer_caminando,Unknown
mujer_caminando,Unknown
mujer_caminando,Unknown
mujer_caminando,Unknown
mujer_caminando,Unknown
mujer_caminando,Unknown
mujer_caminando,Unknown
mujer_caminando,Unknown
mujer_caminando,Unknown
mujer_caminando,Unknown
mujer_caminando,Unknown
mujer_caminando,Unknown
mujer_caminando,Unknown
mujer_caminando,Unknown
mujer_caminando,Unknown
mujer_caminando,Unknown
mujer_caminando,Unknown
mujer_caminando,Unknown
mujer_caminando,Unknown
mujer_caminando,Unknown
mujer_caminando,Unknown
mujer_estatico,Unknown
mujer_estatico,Unknown
mujer_estatico,Unknown
mujer_estatico,Unknown
mujer_estatico,Unknown
mujer_estatico,Unknown
mujer_estatico,Unknown
mujer_estatico,Unknown
mujer_estatico,Unknown
mujer_estatico,Unknown
mujer_estatico,Unknown
mujer_golpes,Unknown
mujer_golpes,Unknown
mujer_golpes,Unknown
mujer_golpes,Unknown
mujer_golpes,Unknown
mujer_golpes,Unknown
mujer_golpes,Unknown
mujer_golpes,Unknown
mujer_golpes,Unknown
mujer_golpes,Unknown
mujer_golpes,Unknown
mujer_golpes,Unknown
mujer_golpes,Unknown
mujer_golpes,Unknown
mujer_golpes,Unknown
mujer_golpes,Unknown
mujer_golpes,Unknown
mujer_golpes,Unknown
mujer_golpes,Unknown
mujer_golpes,Unknown
mujer_golpes,Unknown
mujer_golpes,Unknown
mujer_golpes,Unknown
mujer_golpes,Unknown
mujer_golpes,Unknown
mujer_golpes,Unknown
mujer_golpes,Unknown
mujer_golpes,Unknown
mujer_golpes,Unknown
mujer_golpes,Unknown
mujer_golpes,Unknown
mujer_golpes,Unknown
mujer_golpes,Unknown
mujer_golpes,Unknown
mujer_golpes,Unknown
mujer_golpes,Unknown
mujer_golpes,Unknown
mujer_golpes,Unknown
mujer_golpes,Unknown
mujer_golpes,Unknown
mujer_golpes,Unknown
mujer_golpes,Unknown
mujer_golpes,Unknown
mujer_golpes,Unknown
mujer_golpes,Unknown
mujer_golpes,Unknown
mujer_golpes,Unknown
mujer_golpes,Unknown
mujer_golpes,Unknown
mujer_golpes,Unknown
mujer_golpes,Unknown
mujer_golpes,Unknown
mujer_golpes,Unknown
mujer_golpes,Unknown
mujer_golpes,Unknown
mujer_golpes,Unknown
mujer_golpes,Unknown
mujer_golpes,Unknown
mujer_golpes,Unknown
mujer_golpes,Unknown
mujer_golpes,Unknown
mujer_golpes,Unknown
mujer_golpes,Unknown
mujer_golpes,Unknown
mujer_golpes,Unknown
mujer_golpes,Unknown
mujer_golpes,Unknown
mujer_golpes,Unknown
mujer_golpes,Unknown
mujer_golpes,Unknown
mujer_golpes,Unknown
mujer_golpes,Unknown
mujer_golpes,Unknown
mujer_golpes,Unknown
mujer_golpes,Unknown
mujer_golpes,Unknown
mujer_golpes,Unknown
mujer_golpes,Unknown
mujer_golpes,Unknown
mujer_golpes,Unknown
mujer_golpes,Unknown
mujer_golpes,Unknown
mujer_golpes,Unknown
mujer_golpes,Unknown
mujer_golpes,Unknown
mujer_golpes,Unknown
mujer_golpes,Unknown
mujer_golpes,Unknown
mujer_golpes,Unknown
mujer_golpes,Unknown
mujer_golpes,Unknown
mujer_golpes,Unknown
mujer_golpes,Unknown
mujer_golpes,Unknown
mujer_golpes,Unknown
mujer_golpes,Unknown
mujer_golpes,Unknown
mujer_golpes,Unknown
mujer_golpes,Unknown
mujer_golpes,Unknown
mujer_golpes,Unknown
mujer_golpes,Unknown
mujer_golpes,Unknown
mujer_golpes,Unknown
mujer_golpes,Unknown
mujer_golpes,Unknown
mujer_golpes,Unknown
mujer_golpes,Unknown
mujer_golpes,Unknown
mujer_golpes,Unknown
mujer_golpes,Unknown
mujer_golpes,Unknown
mujer_golpes,Unknown
mujer_golpes,Unknown
mujer_golpes,Unknown
mujer_golpes,Unknown
mujer_golpes,Unknown
mujer_golpes,Unknown
mujer_golpes,Unknown
mujer_golpes,Unknown
mujer_golpes,Unknown
mujer_golpes,Unknown
mujer_golpes,Unknown
mujer_golpes,Unknown
mujer_golpes,Unknown
mujer_golpes,Unknown
mujer_golpes,Unknown
mujer_golpes,Unknown
mujer_golpes,Unknown
mujer_golpes,Unknown
mujer_golpes,Unknown
mujer_golpes,Unknown
mujer_golpes,Unknown
mujer_golpes,Unknown
mujer_golpes,Unknown
mujer_golpes,Unknown
mujer_golpes,Unknown
mujer_golpes,Unknown
mujer_golpes,Unknown
mujer_golpes,Unknown
mujer_golpes,Unknown
mujer_golpes,Unknown
mujer_golpes,Unknown
mujer_golpes,Unknown
mujer_golpes,Unknown
mujer_golpes,Unknown
mujer_golpes,Unknown
mujer_golpes,Unknown
mujer_golpes,Unknown
mujer_golpes,Unknown
mujer_golpes,Unknown
mujer_golpes,Unknown
mujer_golpes,Unknown
mujer_golpes,Unknown
mujer_golpes,Unknown
mujer_golpes,Unknown
mujer_golpes,Unknown
mujer_golpes,Unknown
mujer_golpes,Unknown
mujer_golpes,Unknown
mujer_golpes,Unknown
mujer_golpes,Unknown
mujer_golpes,Unknown
mujer_golpes,Unknown
mujer_golpes,Unknown
mujer_golpes,Unknown
mujer_golpes,Unknown
mujer_golpes,Unknown
mujer_golpes,Unknown
mujer_golpes,Unknown
mujer_golpes,Unknown
mujer_golpes,Unknown
mujer_golpes,Unknown
mujer_golpes,Unknown
mujer_golpes,Unknown
mujer_golpes,Unknown
mujer_golpes,Unknown
mujer_golpes,Unknown
mujer_golpes,Unknown
mujer_golpes,Unknown
mujer_golpes,Unknown
mujer_golpes,Unknown
mujer_golpes,Unknown
mujer_golpes,Unknown
mujer_golpes,Unknown
mujer_golpes,Unknown
mujer_golpes,Unknown
mujer_golpes,Unknown
mujer_golpes,Unknown
mujer_golpes,Unknown
mujer_golpes,Unknown
mujer_golpes,Unknown
mujer_golpes,Unknown
mujer_golpes,Unknown
mujer_golpes,Unknown
mujer_golpes,Unknown
mujer_golpes,Unknown
mujer_golpes,Unknown
mujer_golpes,Unknown
mujer_golpes,Unknown
mujer_golpes,Unknown
mujer_golpes,Unknown
mujer_golpes,Unknown
mujer_golpes,Unknown
mujer_golpes,Unknown
mujer_golpes,Unknown
mujer_golpes,Unknown
mujer_golpes,Unknown
mujer_golpes,Unknown
mujer_golpes,Unknown
mujer_golpes,Unknown
mujer_golpes,Unknown
mujer_golpes,Unknown
mujer_golpes,Unknown
mujer_golpes,Unknown
mujer_golpes,Unknown
mujer_golpes,Unknown
mujer_golpes,Unknown
mujer_golpes,Unknown
mujer_golpes,Unknown
mujer_golpes,Unknown
mujer_golpes,Unknown
mujer_golpes,Unknown
mujer_golpes,Unknown
mujer_golpes,Unknown
mujer_golpes,Unknown
mujer_golpes,Unknown
mujer_golpes,Unknown
mujer_golpes,Unknown
mujer_golpes,Unknown
mujer_golpes,Unknown
mujer_golpes,Unknown
mujer_golpes,Unknown
mujer_golpes,Unknown
mujer_golpes,Unknown
mujer_golpes,Unknown
mujer_golpes,Unknown
mujer_golpes,Unknown
mujer_golpes,Unknown
mujer_golpes,Unknown
mujer_golpes,Unknown
mujer_golpes,Unknown
mujer_golpes,Unknown
mujer_golpes,Unknown
mujer_golpes,Unknown
mujer_golpes,Unknown
mujer_golpes,Unknown
mujer_golpes,Unknown
mujer_golpes,Unknown
mujer_golpes,Unknown
mujer_hablando,Unknown
mujer_hablando,Unknown
mujer_hablando,Unknown
mujer_hablando,Unknown
mujer_hablando,Unknown
mujer_hablando,Unknown
mujer_hablando,Unknown
mujer_hablando,Unknown
mujer_hablando,Unknown
mujer_hablando,Unknown
perro_corriendo,Unknown
perro_corriendo,Unknown
perro_corriendo,Unknown
perro_corriendo,Unknown
perro_corriendo,Unknown
perro_corriendo,Unknown
perro_corriendo,Unknown
perro_corriendo,Unknown
perro_pug_corriendo,Unknown
perro_pug_corriendo,Unknown
perro_pug_corriendo,Unknown
perro_pug_corriendo,Unknown
perro_pug_corriendo,Unknown
perro_pug_corriendo,Unknown
perro_pug_corriendo,Unknown
perro_pug_corriendo,Unknown
pez_estatico,Unknown
pez_estatico,Unknown
pez_estatico,Unknown
pinguino_explosion,Unknown
pinguino_explosion,Unknown
pinguino_explosion,Unknown
pinguino_explosion,Unknown
pinguino_explosion,Unknown
pinguino_explosion,Unknown
pinguino_explosion,Unknown
pinguino_explosion,Unknown
pinguino_explosion,Unknown
pinguino_explosion,Unknown
pinguino_explosion,Unknown
pinguino_explosion,Unknown
pinguino_explosion,Unknown
pinguino_explosion,Unknown
pinguino_explosion,Unknown
pinguino_explosion,Unknown
pinguino_explosion,Unknown
pinguino_explosion,Unknown
pinguino_explosion,Unknown
pinguino_explosion,Unknown
pinguino_explosion,Unknown
pinguino_explosion,Unknown
pinguino_explosion,Unknown
pinguino_explosion,Unknown
pinguino_explosion,Unknown
pinguino_explosion,Unknown
pinguino_explosion,Unknown
pinguino_explosion,Unknown
pinguino_explosion,Unknown
pinguino_explosion,Unknown
pinguino_explosion,Unknown
pinguino_explosion,Unknown
pinguino_explosion,Unknown
pinguino_explosion,Unknown
pinguino_explosion,Unknown
pinguino_explosion,Unknown
pinguino_explosion,Unknown
pinguino_explosion,Unknown
pinguino_explosion,Unknown
pinguino_explosion,Unknown
pinguino_explosion,Unknown
pinguino_explosion,Unknown
pinguino_explosion,Unknown
pinguino_explosion,Unknown
pinguino_explosion,Unknown
pinguino_explosion,Unknown
pinguino_explosion,Unknown
pinguino_explosion,Unknown
pinguino_explosion,Unknown
pinguino_explosion,Unknown
pinguino_explosion,Unknown
pinguino_explosion,Unknown
pinguino_explosion,Unknown
pinguino_explosion,Unknown
pinguino_explosion,Unknown
pinguino_explosion,Unknown
pinguino_explosion,Unknown
pinguino_explosion,Unknown
pinguino_explosion,Unknown
pinguino_explosion,Unknown
pinguino_explosion,Unknown
pinguino_explosion,Unknown
pinguino_explosion,Unknown
pinguino_explosion,Unknown
pinguino_explosion,Unknown
pinguino_explosion,Unknown
pinguino_explosion,Unknown
pinguino_explosion,Unknown
pinguino_explosion,Unknown
pinguino_explosion,Unknown
pinguino_explosion,Unknown
pinguino_explosion,Unknown
pinguino_explosion,Unknown
pinguino_explosion,Unknown
pinguino_explosion,Unknown
pinguino_explosion,Unknown
pinguino_explosion,Unknown
pinguino_explosion,Unknown
pinguino_explosion,Unknown
pinguino_explosion,Unknown
pinguino_explosion,Unknown
pinguino_explosion,Unknown
pinguino_explosion,Unknown
pinguino_explosion,Unknown
pinguino_explosion,Unknown
pinguino_explosion,Unknown
pinguino_explosion,Unknown
pinguino_explosion,Unknown
pinguino_explosion,Unknown
pinguino_explosion,Unknown
pinguino_explosion,Unknown
pinguino_explosion,Unknown
pinguino_explosion,Unknown
pinguino_explosion,Unknown
pinguino_explosion,Unknown
posion_veneno,Unknown
posion_veneno,Unknown
posion_veneno,Unknown
posion_veneno,Unknown
posion_veneno,Unknown
posion_veneno,Unknown
posion_veneno,Unknown
posion_veneno,Unknown
posion_veneno,Unknown
posion_veneno,Unknown
posion_veneno,Unknown
posion_veneno,Unknown
posion_veneno,Unknown
posion_veneno,Unknown
posion_veneno,Unknown
posion_veneno,Unknown
posion_veneno,Unknown
posion_veneno,Unknown
posion_veneno,Unknown
posion_veneno,Unknown
posion_veneno,Unknown
posion_veneno,Unknown
posion_veneno,Unknown
posion_veneno,Unknown
posion_veneno,Unknown
posion_veneno,Unknown
posion_veneno,Unknown
posion_veneno,Unknown
posion_veneno,Unknown
posion_veneno,Unknown
posion_veneno,Unknown
posion_veneno,Unknown
posion_veneno,Unknown
posion_veneno,Unknown
posion_veneno,Unknown
posion_veneno,Unknown
posion_veneno,Unknown
posion_veneno,Unknown
posion_veneno,Unknown
posion_veneno,Unknown
posion_veneno,Unknown
posion_veneno,Unknown
posion_veneno,Unknown
posion_veneno,Unknown
saltorana,Unknown
saltorana,Unknown
saltorana,Unknown
saltorana,Unknown
saltorana,Unknown
saltorana,Unknown
saltorana,Unknown
samurai,Unknown
samurai,Unknown
samurai,Unknown
samurai,Unknown
samurai,Unknown
samurai,Unknown
samurai,Unknown
samurai,Unknown
samurai,Unknown
samurai,Unknown
samurai,Unknown
samurai,Unknown
samurai,Unknown
samurai,Unknown
samurai,Unknown
tocar_ataque_invocacion,Unknown
tocar_ataque_invocacion,Unknown
tocar_ataque_invocacion,Unknown
tocar_ataque_invocacion,Unknown
tocar_ataque_invocacion,Unknown
tocar_ataque_invocacion,Unknown
tocar_ataque_invocacion,Unknown
tocar_ataque_invocacion,Unknown
tocar_ataque_invocacion,Unknown
tocar_ataque_invocacion,Unknown
tocar_ataque_invocacion,Unknown
tocar_ataque_invocacion,Unknown
tocar_ataque_invocacion,Unknown
tocar_ataque_invocacion,Unknown
tocar_ataque_invocacion,Unknown
tocar_ataque_invocacion,Unknown
tocar_ataque_invocacion,Unknown
tocar_ataque_invocacion,Unknown
tocar_ataque_invocacion,Unknown
tocar_ataque_invocacion,Unknown
tocar_ataque_invocacion,Unknown
tocar_ataque_invocacion,Unknown
tocar_ataque_invocacion,Unknown
tocar_ataque_invocacion,Unknown
tocar_ataque_invocacion,Unknown
tocar_ataque_invocacion,Unknown
tocar_ataque_invocacion,Unknown
tocar_ataque_invocacion,Unknown
tocar_ataque_invocacion,Unknown
tocar_ataque_invocacion,Unknown
tocar_ataque_invocacion,Unknown
tocar_ataque_invocacion,Unknown
tocar_ataque_invocacion,Unknown
tocar_ataque_invocacion,Unknown
tocar_ataque_invocacion,Unknown
tocar_ataque_invocacion,Unknown
tocar_ataque_invocacion,Unknown
tocar_ataque_invocacion,Unknown
tocar_ataque_invocacion,Unknown
tocar_ataque_invocacion,Unknown
tocar_ataque_invocacion,Unknown
tocar_ataque_invocacion,Unknown
tocar_ataque_invocacion,Unknown
tocar_ataque_invocacion,Unknown
tocar_ataque_invocacion,Unknown
tocar_ataque_invocacion,Unknown
tocar_ataque_invocacion,Unknown
tocar_ataque_invocacion,Unknown
tocar_ataque_invocacion,Unknown
tocar_ataque_invocacion,Unknown
tocar_ataque_invocacion,Unknown
tocar_ataque_invocacion,Unknown
tocar_ataque_invocacion,Unknown
tocar_ataque_invocacion,Unknown
tocar_ataque_invocacion,Unknown
tocar_ataque_invocacion,Unknown
tocar_ataque_invocacion,Unknown
tocar_ataque_invocacion,Unknown
tocar_ataque_invocacion,Unknown
tocar_ataque_invocacion,Unknown
tocar_ataque_invocacion,Unknown
tocar_ataque_invocacion,Unknown
tocar_ataque_invocacion,Unknown
tocar_ataque_invocacion,Unknown
tocar_ataque_invocacion,Unknown
tocar_ataque_invocacion,Unknown
tocar_ataque_invocacion,Unknown
tocar_ataque_invocacion,Unknown
tocar_ataque_invocacion,Unknown
tocar_ataque_invocacion,Unknown
tocar_ataque_invocacion,Unknown
tocar_ataque_invocacion,Unknown
tocar_ataque_invocacion,Unknown
tocar_ataque_invocacion,Unknown
tocar_ataque_invocacion,Unknown
tocar_ataque_invocacion,Unknown
tocar_ataque_invocacion,Unknown
tocar_ataque_invocacion,Unknown
tocar_ataque_invocacion,Unknown
tocar_ataque_invocacion,Unknown
tocar_ataque_invocacion,Unknown
tocar_ataque_invocacion,Unknown
tocar_ataque_invocacion,Unknown
tocar_ataque_invocacion,Unknown
tocar_ataque_invocacion,Unknown
tocar_ataque_invocacion,Unknown
tocar_ataque_invocacion,Unknown
tocar_ataque_invocacion,Unknown
tocar_ataque_invocacion,Unknown
tocar_ataque_invocacion,Unknown
tocar_ataque_invocacion,Unknown
tocar_ataque_invocacion,Unknown
tocar_ataque_invocacion,Unknown
tocar_ataque_invocacion,Unknown
tocar_ataque_invocacion,Unknown
tocar_ataque_invocacion,Unknown
tocar_ataque_invocacion,Unknown
tocar_ataque_invocacion,Unknown
tocar_ataque_invocacion,Unknown
tocar_ataque_invocacion,Unknown
tocar_ataque_invocacion,Unknown
tocar_ataque_invocacion,Unknown
tocar_ataque_invocacion,Unknown
tocar_ataque_invocacion,Unknown
tocar_ataque_invocacion,Unknown
tocar_ataque_invocacion,Unknown
tocar_ataque_invocacion,Unknown
tocar_ataque_invocacion,Unknown
tocar_ataque_invocacion,Unknown
tocar_ataque_invocacion,Unknown
tocar_ataque_invocacion,Unknown
tocar_ataque_invocacion,Unknown
tocar_ataque_invocacion,Unknown
tocar_ataque_invocacion,Unknown
tocar_ataque_invocacion,Unknown
tocar_ataque_invocacion,Unknown
tocar_ataque_invocacion,Unknown
tocar_ataque_invocacion,Unknown
tocar_ataque_invocacion,Unknown
tocar_ataque_invocacion,Unknown
tocar_ataque_invocacion,Unknown
tocar_ataque_invocacion,Unknown
tocar_ataque_invocacion,Unknown
tocar_ataque_invocacion,Unknown
tocar_ataque_invocacion,Unknown
tocar_ataque_invocacion,Unknown
tocar_ataque_invocacion,Unknown
tocar_ataque_invocacion,Unknown
tocar_ataque_invocacion,Unknown
tocar_ataque_invocacion,Unknown
tocar_ataque_invocacion,Unknown
tocar_ataque_invocacion,Unknown
tocar_ataque_invocacion,Unknown
tocar_ataque_invocacion,Unknown
tocar_ataque_invocacion,Unknown
tocar_ataque_invocacion,Unknown
tocar_ataque_invocacion,Unknown
tocar_ataque_invocacion,Unknown
tocar_ataque_invocacion,Unknown
tocar_ataque_invocacion,Unknown
tocar_ataque_invocacion,Unknown
tocar_ataque_invocacion,Unknown
tocar_ataque_invocacion,Unknown
tocar_ataque_invocacion,Unknown
tocar_ataque_invocacion,Unknown
tocar_ataque_invocacion,Unknown
tocar_ataque_invocacion,Unknown
tocar_ataque_invocacion,Unknown
tocar_ataque_invocacion,Unknown
tocar_ataque_invocacion,Unknown
tocar_ataque_invocacion,Unknown
tocar_ataque_invocacion,Unknown
tocar_ataque_invocacion,Unknown
tocar_ataque_invocacion,Unknown
tocar_ataque_invocacion,Unknown
tocar_ataque_invocacion,Unknown
tocar_ataque_invocacion,Unknown
tocar_ataque_invocacion,Unknown
tocar_ataque_invocacion,Unknown
tocar_ataque_invocacion,Unknown
tocar_ataque_invocacion,Unknown
tocar_ataque_invocacion,Unknown
tocar_ataque_invocacion,Unknown
tocar_ataque_invocacion,Unknown
tocar_ataque_invocacion,Unknown
tocar_ataque_invocacion,Unknown
tocar_ataque_invocacion,Unknown
tocar_ataque_invocacion,Unknown
tocar_ataque_invocacion,Unknown
tocar_ataque_invocacion,Unknown
tocar_ataque_invocacion,Unknown
tocar_ataque_invocacion,Unknown
tocar_ataque_invocacion,Unknown
tocar_ataque_invocacion,Unknown
tocar_ataque_invocacion,Unknown
tocar_ataque_invocacion,Unknown
tocar_ataque_invocacion,Unknown
tocar_ataque_invocacion,Unknown
tocar_ataque_invocacion,Unknown
tocar_ataque_invocacion,Unknown
tocar_ataque_invocacion,Unknown
tocar_ataque_invocacion,Unknown
tocar_ataque_invocacion,Unknown
tocar_ataque_invocacion,Unknown
tocar_ataque_invocacion,Unknown
tocar_ataque_invocacion,Unknown
tocar_ataque_invocacion,Unknown
tocar_ataque_invocacion,Unknown
tocar_ataque_invocacion,Unknown
tocar_ataque_invocacion,Unknown
tocar_ataque_invocacion,Unknown
tocar_ataque_invocacion,Unknown
tocar_ataque_invocacion,Unknown
tocar_ataque_invocacion,Unknown
tocar_ataque_invocacion,Unknown
tocar_ataque_invocacion,Unknown
tocar_ataque_invocacion,Unknown
tocar_ataque_invocacion,Unknown
tocar_ataque_invocacion,Unknown
tocar_ataque_invocacion,Unknown
tocar_ataque_invocacion,Unknown
tocar_ataque_invocacion,Unknown
tocar_ataque_invocacion,Unknown
tocar_ataque_invocacion,Unknown
tocar_ataque_invocacion,Unknown
tocar_ataque_invocacion,Unknown
tocar_ataque_invocacion,Unknown
tocar_ataque_invocacion,Unknown
tocar_ataque_invocacion,Unknown
tocar_ataque_invocacion,Unknown
tocar_ataque_invocacion,Unknown
tocar_ataque_invocacion,Unknown
tocar_ataque_invocacion,Unknown
tocar_ataque_invocacion,Unknown
tocar_ataque_invocacion,Unknown
tocar_ataque_invocacion,Unknown
tocar_ataque_invocacion,Unknown
tocar_ataque_invocacion,Unknown
tocar_ataque_invocacion,Unknown
